Objeto,Confianza,X1,Y1,X2,Y2,Tiempo
persona,0.866571307182312,171,139,638,479,1743563620.6433105
persona,0.878315269947052,169,140,638,479,1743563621.0384364
persona,0.8427543044090271,171,142,638,479,1743563621.404924
persona,0.8447866439819336,171,140,638,479,1743563621.8301742
persona,0.8431277275085449,169,139,638,479,1743563622.2446985
persona,0.8355610966682434,168,137,638,479,1743563622.616384
persona,0.8640198707580566,162,145,640,479,1743563622.965075
persona,0.8635916709899902,161,146,638,479,1743563623.3163493
persona,0.6946726441383362,170,139,640,479,1743563623.6645904
persona,0.8161828517913818,167,136,638,479,1743563624.0191057
persona,0.8169564604759216,168,141,640,479,1743563624.3666384
persona,0.783561646938324,167,146,640,479,1743563624.7134368
persona,0.7679657340049744,169,143,640,479,1743563625.0625682
persona,0.8235254287719727,162,137,638,479,1743563625.4056778
persona,0.7910836935043335,159,137,638,479,1743563625.7497175
persona,0.8142940998077393,160,130,622,479,1743563626.098022
persona,0.8407860398292542,163,129,637,479,1743563626.4541843
persona,0.8371341228485107,163,130,638,479,1743563626.7972393
persona,0.8583928346633911,165,129,639,479,1743563627.1428745
persona,0.853808581829071,164,128,638,479,1743563627.4857206
persona,0.8345164656639099,161,126,639,479,1743563627.8323007
persona,0.8498349785804749,159,130,638,479,1743563628.2335784
persona,0.8483090996742249,156,132,638,479,1743563628.5897458
persona,0.8518641591072083,159,125,640,479,1743563628.9368844
persona,0.8678556680679321,163,127,639,479,1743563629.2863615
persona,0.8065231442451477,157,127,640,479,1743563629.6315658
persona,0.8473538160324097,167,129,638,479,1743563629.9785826
persona,0.8389376401901245,167,127,639,479,1743563630.3161318
persona,0.8195081353187561,165,128,638,479,1743563630.6605875
persona,0.8466421961784363,165,117,640,479,1743563631.0037794
persona,0.647612452507019,14,50,632,479,1743563631.3604553
persona,0.829021692276001,110,2,637,479,1743563631.6983402
persona,0.8734428286552429,45,0,638,480,1743563632.0341918
persona,0.7510921955108643,62,0,637,479,1743563632.3851616
persona,0.8225181102752686,49,1,637,478,1743563632.7264605
persona,0.8485981822013855,78,0,638,479,1743563633.0752702
persona,0.8776668310165405,77,0,639,479,1743563633.480942
silla,0.29772841930389404,580,295,639,376,1743563633.4813347
persona,0.8803550004959106,77,1,637,479,1743563633.837681
silla,0.4968568980693817,575,294,639,376,1743563633.8380823
silla,0.27720996737480164,0,330,129,479,1743563633.8383164
persona,0.9004560708999634,86,3,637,479,1743563634.1762598
silla,0.5049776434898376,576,295,639,379,1743563634.1766498
dining table,0.31613123416900635,0,422,107,479,1743563634.1769657
silla,0.2633861303329468,446,147,546,291,1743563634.1773527
silla,0.25810861587524414,576,294,639,415,1743563634.1776927
persona,0.888214647769928,89,2,636,479,1743563634.5249515
silla,0.5778130888938904,577,294,639,377,1743563634.5253434
dining table,0.304618775844574,0,421,106,479,1743563634.5256655
silla,0.3033481538295746,90,332,137,405,1743563634.5260556
silla,0.29566362500190735,24,331,127,429,1743563634.5263734
persona,0.883544385433197,80,1,634,479,1743563634.8657382
silla,0.4751788079738617,575,294,639,379,1743563634.866026
silla,0.38198322057724,25,331,126,430,1743563634.8662486
silla,0.2873952090740204,90,332,137,403,1743563634.8664842
dining table,0.2515159249305725,0,421,105,479,1743563634.8667095
persona,0.8887226581573486,93,2,637,479,1743563635.2463102
silla,0.4896431863307953,572,293,639,410,1743563635.246703
silla,0.36655640602111816,89,331,135,402,1743563635.2470174
silla,0.3008354604244232,25,331,125,429,1743563635.2473242
persona,0.8967569470405579,84,5,638,478,1743563635.5960164
bowl,0.3123789131641388,0,421,104,479,1743563635.5964031
dining table,0.2895698547363281,0,422,104,479,1743563635.5966651
persona,0.8866322636604309,55,3,637,480,1743563635.9432793
silla,0.5971429944038391,570,292,639,417,1743563635.9436703
persona,0.8621447682380676,2,2,640,479,1743563636.2948887
silla,0.5551866888999939,567,294,639,433,1743563636.2952533
silla,0.276624858379364,395,145,551,298,1743563636.2954814
persona,0.6864094734191895,0,2,606,478,1743563636.6521165
silla,0.6040756106376648,565,293,639,436,1743563636.6525345
silla,0.28030815720558167,584,292,639,410,1743563637.0760982
auto,0.39943769574165344,209,129,638,479,1743563637.430602
persona,0.3314894437789917,515,2,639,471,1743563638.1298063
silla,0.42466384172439575,564,292,639,443,1743563638.5209436
persona,0.36958831548690796,562,2,639,269,1743563638.5212948
train,0.25996387004852295,6,120,626,477,1743563638.5216036
silla,0.25900232791900635,551,292,639,478,1743563638.5219994
silla,0.471877783536911,566,292,639,447,1743563638.869648
train,0.33603018522262573,4,128,629,477,1743563638.8699958
silla,0.35619765520095825,562,293,639,436,1743563639.2197485
silla,0.5652780532836914,564,292,639,443,1743563639.5826273
train,0.40049469470977783,6,137,629,477,1743563639.5829816
silla,0.6409881711006165,564,292,639,478,1743563639.9495828
train,0.30049464106559753,7,119,630,476,1743563639.9499738
silla,0.43982693552970886,565,293,639,439,1743563640.3164098
train,0.32824647426605225,7,102,629,477,1743563640.3167517
silla,0.4096209704875946,561,292,639,449,1743563640.6686916
silla,0.550808310508728,566,292,639,450,1743563641.0170074
train,0.3284272253513336,8,138,624,477,1743563641.0172837
silla,0.5109414458274841,564,292,639,446,1743563641.3613842
train,0.32769960165023804,4,137,625,477,1743563641.3617349
silla,0.45742514729499817,559,292,639,450,1743563641.7140353
train,0.32865533232688904,6,144,630,476,1743563641.7143977
silla,0.5268633961677551,545,291,639,479,1743563642.0718448
silla,0.31928232312202454,563,293,639,443,1743563642.0722067
silla,0.527897298336029,558,292,639,478,1743563642.4163058
silla,0.287063330411911,517,291,639,479,1743563642.4166791
persona,0.4219167232513428,210,12,595,478,1743563642.9083085
train,0.28090667724609375,81,20,325,237,1743563643.2537198
silla,0.39839985966682434,533,196,639,458,1743563643.951781
reloj,0.26602184772491455,196,162,559,479,1743563643.952037
silla,0.8662524819374084,538,211,639,470,1743563644.303496
silla,0.3159664571285248,198,173,547,478,1743563644.3038735
silla,0.8159047365188599,541,210,639,470,1743563644.6516693
silla,0.3436286449432373,199,172,547,478,1743563644.6520512
silla,0.8549467921257019,535,210,639,469,1743563645.0012636
silla,0.34152108430862427,200,171,550,478,1743563645.0016584
silla,0.8588965535163879,537,210,639,470,1743563645.345041
silla,0.3834664821624756,200,172,547,478,1743563645.3454378
silla,0.2563714385032654,0,248,188,443,1743563645.3458095
silla,0.7757976055145264,546,210,639,469,1743563645.6870568
silla,0.30934858322143555,200,172,549,478,1743563645.6874294
silla,0.8605165481567383,534,210,639,472,1743563646.0334623
silla,0.8049831390380859,534,210,639,469,1743563646.3855796
silla,0.8200058341026306,535,211,639,470,1743563646.7310123
silla,0.8703017830848694,537,210,639,472,1743563647.0736804
silla,0.2744629681110382,200,172,548,478,1743563647.073962
silla,0.8536381125450134,533,210,639,471,1743563647.452739
silla,0.3809109032154083,198,172,547,478,1743563647.45313
silla,0.8329997062683105,544,210,639,472,1743563647.8270981
silla,0.44026151299476624,200,172,547,478,1743563647.827434
silla,0.8585240840911865,534,209,639,472,1743563648.174565
silla,0.33839452266693115,199,171,548,479,1743563648.1749635
silla,0.40131962299346924,565,211,639,353,1743563648.5207732
persona,0.37283021211624146,293,362,639,479,1743563648.521132
silla,0.28625255823135376,527,210,640,358,1743563648.5215023
silla,0.26367872953414917,199,172,550,464,1743563648.521834
silla,0.8346128463745117,536,210,639,470,1743563648.8683455
silla,0.3491179347038269,200,172,547,478,1743563648.8687305
silla,0.8529074788093567,536,210,639,469,1743563649.211356
silla,0.3743475079536438,199,172,549,478,1743563649.211749
silla,0.8496355414390564,542,211,639,468,1743563649.5584466
silla,0.32356977462768555,200,172,549,478,1743563649.5587506
silla,0.3879795968532562,571,211,639,302,1743563649.8983986
silla,0.7733916640281677,571,212,639,327,1743563650.2419083
train,0.3156653344631195,3,66,637,480,1743563650.2421417
persona,0.6298964619636536,381,230,639,478,1743563650.5906825
tennis racket,0.49064645171165466,421,180,541,320,1743563650.5910196
silla,0.3873789608478546,566,211,639,340,1743563650.5914369
silla,0.2703324854373932,540,211,639,352,1743563650.5917745
silla,0.6488532423973083,569,212,639,336,1743563650.943543
persona,0.629322350025177,365,210,639,477,1743563650.9439027
persona,0.28563445806503296,36,46,620,477,1743563650.9443104
persona,0.8275768160820007,340,214,639,475,1743563651.2863889
silla,0.4996694028377533,566,212,639,344,1743563651.2871156
persona,0.8053821921348572,310,215,639,472,1743563651.6334026
silla,0.5442094206809998,562,211,639,339,1743563651.6338573
silla,0.4895801246166229,352,174,542,325,1743563651.634179
persona,0.8224025368690491,305,209,639,473,1743563652.0186281
silla,0.5063725709915161,567,212,639,332,1743563652.0190716
silla,0.4991863965988159,344,174,542,321,1743563652.0193856
silla,0.3034612238407135,537,211,639,335,1743563652.0197172
persona,0.7251273393630981,296,208,639,473,1743563652.3675306
silla,0.6734300255775452,569,211,639,331,1743563652.367945
silla,0.450114905834198,341,174,541,320,1743563652.368267
silla,0.35088232159614563,535,211,640,332,1743563652.3685894
persona,0.8172382116317749,304,208,639,472,1743563652.7167969
silla,0.6008039712905884,568,212,639,331,1743563652.7172503
silla,0.33226877450942993,345,175,542,317,1743563652.7176087
silla,0.31121429800987244,538,211,639,333,1743563652.717945
persona,0.729853630065918,301,205,638,472,1743563653.0647209
silla,0.6531735062599182,569,211,639,331,1743563653.0650167
silla,0.4328433573246002,341,174,542,319,1743563653.0652452
silla,0.3183540999889374,532,211,640,332,1743563653.0654643
persona,0.7453127503395081,304,202,638,473,1743563653.4127831
silla,0.7069881558418274,569,212,639,333,1743563653.4132202
silla,0.5576156973838806,342,174,542,318,1743563653.4135246
silla,0.33114129304885864,534,211,640,332,1743563653.4139082
persona,0.7692450881004333,311,200,639,475,1743563653.7640502
silla,0.6293741464614868,570,212,639,332,1743563653.7644827
silla,0.34832924604415894,353,175,542,317,1743563653.7648256
persona,0.7368203997612,304,195,639,473,1743563654.1231563
silla,0.636509358882904,349,174,540,316,1743563654.1235995
silla,0.609616219997406,569,212,639,332,1743563654.1239574
silla,0.3789912164211273,536,211,640,332,1743563654.124298
persona,0.7573029398918152,297,199,639,471,1743563654.486125
silla,0.5931349992752075,568,211,639,330,1743563654.486785
silla,0.5525205135345459,338,175,544,314,1743563654.4872887
silla,0.3159588575363159,536,211,639,331,1743563654.4876685
persona,0.680641770362854,286,185,638,464,1743563654.8479812
silla,0.6638178825378418,568,211,639,324,1743563654.8484561
silla,0.3984917402267456,536,210,640,325,1743563654.8488014
silla,0.3672620952129364,330,174,540,309,1743563654.8490908
silla,0.8027010560035706,570,211,639,321,1743563655.1943738
persona,0.7523009181022644,286,174,639,472,1743563655.1947343
silla,0.3684771656990051,339,174,541,307,1743563655.1951258
persona,0.7429808974266052,378,204,639,476,1743563655.5618682
silla,0.47830528020858765,570,212,639,333,1743563655.5622933
refrigerator,0.2891572415828705,63,45,455,471,1743563655.5626252
laptop,0.2726576328277588,70,45,450,476,1743563655.5630858
persona,0.6600703001022339,377,223,639,474,1743563655.913795
silla,0.5271744728088379,569,212,639,350,1743563655.9142363
silla,0.68020099401474,568,212,639,339,1743563656.2672718
persona,0.6761975288391113,373,220,639,478,1743563656.2676435
silla,0.35945186018943787,417,178,540,323,1743563656.2680588
persona,0.6878893375396729,375,222,639,475,1743563656.617785
silla,0.48707911372184753,567,212,639,347,1743563656.6182234
silla,0.252193808555603,534,211,640,352,1743563656.6184978
persona,0.695190966129303,373,216,639,474,1743563656.9800766
silla,0.5734707713127136,569,212,639,349,1743563656.980508
persona,0.6723757386207581,376,219,639,476,1743563657.3316379
silla,0.4793090522289276,568,212,639,342,1743563657.3320866
silla,0.7914565205574036,569,212,639,326,1743563657.6848092
perro,0.6575650572776794,392,194,639,479,1743563657.6851654
persona,0.5969820618629456,393,193,639,478,1743563657.685557
silla,0.264186829328537,565,211,639,363,1743563658.0445292
silla,0.8262624740600586,540,211,639,470,1743563658.394516
silla,0.3119506239891052,199,173,547,479,1743563658.394796
silla,0.4074814021587372,536,212,639,443,1743563658.7839735
silla,0.28947532176971436,198,169,561,479,1743563658.7843351
silla,0.6151386499404907,256,173,550,389,1743563659.1425576
persona,0.37698179483413696,212,280,639,479,1743563659.1429834
persona,0.28896814584732056,207,178,640,479,1743563659.1434264
persona,0.6291264891624451,196,184,638,478,1743563659.509269
silla,0.588129460811615,568,212,639,352,1743563659.5100236
persona,0.659198522567749,194,163,639,475,1743563659.8701491
silla,0.6546277403831482,569,212,639,332,1743563659.870635
silla,0.2638857066631317,0,333,144,438,1743563659.8709924
persona,0.7351670861244202,204,170,640,471,1743563660.2300534
silla,0.5765538215637207,567,211,639,340,1743563660.2303557
silla,0.34204503893852234,543,210,639,349,1743563660.2306285
telefono celular,0.3216690123081207,113,71,546,311,1743563660.2308667
silla,0.29099157452583313,196,180,569,479,1743563660.2311776
persona,0.736854612827301,206,179,640,475,1743563660.5884316
silla,0.5472010970115662,565,212,639,344,1743563660.5888746
silla,0.39213821291923523,536,211,639,352,1743563660.5892324
telefono celular,0.35420626401901245,97,76,548,317,1743563660.5895908
silla,0.2990262508392334,197,186,589,479,1743563660.5900834
persona,0.7371591925621033,207,176,640,472,1743563660.9484658
silla,0.520292341709137,569,212,639,329,1743563660.9487557
silla,0.342651903629303,196,193,584,479,1743563660.948974
silla,0.309033066034317,535,210,639,348,1743563660.9492147
telefono celular,0.28556469082832336,95,76,542,318,1743563660.9498386
persona,0.7266703844070435,214,171,640,475,1743563661.3046381
silla,0.5009517073631287,565,212,639,344,1743563661.305059
silla,0.4198337197303772,537,211,639,351,1743563661.3053865
telefono celular,0.3827321231365204,110,70,569,318,1743563661.3056421
silla,0.25217205286026,197,249,541,479,1743563661.305949
persona,0.7863073348999023,209,166,639,475,1743563661.6612418
silla,0.5576320290565491,569,212,639,331,1743563661.6615667
silla,0.3476523756980896,536,210,639,349,1743563661.6618018
telefono celular,0.2719685435295105,110,68,563,311,1743563661.6620328
persona,0.8180994987487793,214,167,639,473,1743563662.030026
silla,0.6260626316070557,569,212,639,331,1743563662.0304782
persona,0.8141772150993347,212,166,639,473,1743563662.3979528
silla,0.5059075355529785,568,212,639,332,1743563662.398428
silla,0.34563976526260376,356,173,540,312,1743563662.39877
silla,0.27098366618156433,543,211,639,348,1743563662.3991277
persona,0.7799393534660339,216,171,640,473,1743563662.753627
silla,0.48131951689720154,562,211,639,340,1743563662.7540677
silla,0.3873458504676819,536,211,639,351,1743563662.7544024
silla,0.28098157048225403,196,164,621,479,1743563662.7547429
silla,0.27427247166633606,196,247,576,479,1743563662.7551157
persona,0.7348843812942505,221,186,640,470,1743563663.116937
silla,0.4665009081363678,563,211,639,340,1743563663.1173897
silla,0.3900028467178345,540,211,639,352,1743563663.117729
silla,0.3681635558605194,197,252,536,479,1743563663.1180935
silla,0.27400317788124084,196,198,594,479,1743563663.1184478
persona,0.6191217303276062,223,270,638,479,1743563663.481644
silla,0.30051884055137634,563,212,639,354,1743563663.482122
silla,0.6766491532325745,536,211,639,472,1743563663.842813
silla,0.43795937299728394,568,211,639,348,1743563663.843097
silla,0.8351255059242249,537,211,639,470,1743563664.2068803
persona,0.2663627564907074,97,247,196,395,1743563664.5633395
silla,0.2614966630935669,538,211,639,475,1743563664.5637443
silla,0.2562812864780426,198,172,551,479,1743563664.564107
persona,0.5983524322509766,520,77,639,478,1743563664.9416573
train,0.2682896554470062,3,13,631,478,1743563665.2934728
persona,0.690392255783081,7,1,635,477,1743563666.3798285
persona,0.2631857693195343,16,0,437,476,1743563666.380239
persona,0.876983642578125,2,0,633,478,1743563666.7539186
persona,0.922699511051178,2,1,635,479,1743563667.1298535
silla,0.2803277373313904,36,249,100,337,1743563667.130327
persona,0.8776158690452576,22,0,573,480,1743563667.6151936
silla,0.3277144730091095,33,248,106,341,1743563667.615503
persona,0.8105654120445251,9,0,638,479,1743563667.9877677
silla,0.38519665598869324,33,249,101,337,1743563667.9881144
persona,0.9045893549919128,8,0,636,480,1743563668.3890262
silla,0.7021692395210266,570,212,639,320,1743563668.3898015
silla,0.32734736800193787,34,249,98,339,1743563668.3902073
persona,0.9231435060501099,0,1,635,479,1743563668.7780356
silla,0.6355380415916443,570,212,639,350,1743563668.7784066
silla,0.2857668399810791,568,212,639,434,1743563668.778753
persona,0.7563246488571167,6,1,640,478,1743563669.145908
persona,0.35526296496391296,220,2,637,476,1743563669.1463082
persona,0.8890284299850464,0,6,635,479,1743563669.5186784
silla,0.2958850562572479,596,302,639,431,1743563669.5190713
persona,0.9032010436058044,0,1,637,479,1743563669.888427
silla,0.46631282567977905,573,287,639,405,1743563669.888851
silla,0.38217693567276,574,287,639,473,1743563669.8891976
persona,0.9002702236175537,6,1,640,479,1743563670.2552505
silla,0.5904696583747864,573,286,639,404,1743563670.2555404
silla,0.4671816825866699,573,286,639,470,1743563670.255798
persona,0.7912974953651428,54,0,633,478,1743563670.6301887
silla,0.31208160519599915,39,322,125,423,1743563670.6306186
persona,0.6505293846130371,276,1,479,134,1743563671.007629
persona,0.4831535220146179,0,357,236,479,1743563671.0079644
persona,0.3771303594112396,230,2,639,475,1743563671.008346
persona,0.5928092002868652,0,319,216,479,1743563671.3764753
persona,0.44745561480522156,276,3,475,131,1743563671.3769274
persona,0.41832494735717773,163,3,549,477,1743563671.3772614
persona,0.5978350043296814,562,272,639,479,1743563671.7360704
persona,0.520391583442688,1,279,226,479,1743563671.7364824
persona,0.4067590534687042,188,6,615,477,1743563671.7368848
persona,0.33314958214759827,96,279,620,479,1743563671.7372372
persona,0.31959521770477295,229,8,482,475,1743563671.7376497
persona,0.7591115832328796,535,252,639,480,1743563672.111424
persona,0.5554048418998718,86,262,617,479,1743563672.1118824
persona,0.5703897476196289,552,238,639,477,1743563672.4745107
persona,0.42840486764907837,89,248,625,480,1743563672.474827
persona,0.3790874481201172,277,9,462,103,1743563672.4752028
persona,0.33906710147857666,0,248,243,479,1743563672.4755483
persona,0.5449863076210022,565,238,639,479,1743563672.8426418
persona,0.4322032928466797,36,242,628,479,1743563672.8430438
persona,0.3821162283420563,92,241,627,479,1743563673.2029045
persona,0.27750250697135925,573,236,639,452,1743563673.2033591
persona,0.4215027689933777,573,235,639,480,1743563673.5758843
persona,0.28491345047950745,0,243,251,479,1743563673.5762758
persona,0.26706042885780334,89,242,623,479,1743563673.5766747
persona,0.29789745807647705,90,242,640,479,1743563673.9492645
persona,0.28431031107902527,93,244,640,480,1743563674.3148115
persona,0.263816237449646,570,236,639,477,1743563674.3151145
persona,0.32694536447525024,94,249,624,479,1743563674.6829762
silla,0.28786566853523254,38,323,131,433,1743563674.6834376
persona,0.39251258969306946,94,249,624,479,1743563675.0459187
persona,0.2824311852455139,569,235,639,479,1743563675.046428
persona,0.3679967522621155,571,228,639,479,1743563675.413295
persona,0.49409306049346924,80,203,625,479,1743563675.7779887
persona,0.39245325326919556,282,0,485,43,1743563675.7783394
persona,0.2690020203590393,566,201,639,480,1743563675.7786615
persona,0.6309945583343506,48,0,634,479,1743563676.14416
persona,0.4245104193687439,55,188,623,479,1743563676.1445935
persona,0.3173171281814575,592,185,639,479,1743563676.1450396
persona,0.29554909467697144,555,189,639,478,1743563676.1454318
persona,0.8802683353424072,92,0,639,478,1743563676.5066292
silla,0.3613283038139343,0,322,136,479,1743563676.507074
persona,0.8332442045211792,94,0,637,479,1743563676.8743267
silla,0.38971737027168274,0,322,134,478,1743563676.874632
silla,0.35101118683815,0,410,116,479,1743563676.874896
silla,0.3348230719566345,38,323,127,413,1743563676.8751464
persona,0.5031938552856445,82,0,635,479,1743563677.2458632
remote,0.46657413244247437,320,346,631,479,1743563677.246276
persona,0.4031563401222229,86,0,384,478,1743563677.246597
silla,0.37669819593429565,0,322,131,479,1743563677.2468886
silla,0.3382393717765808,0,413,115,480,1743563677.247165
silla,0.28794652223587036,38,322,128,415,1743563677.2474048
silla,0.37407419085502625,40,322,127,412,1743563677.6097107
silla,0.3502809405326843,0,412,113,479,1743563677.6100764
persona,0.3319430649280548,96,280,300,480,1743563677.6104221
apple,0.33121198415756226,263,0,446,72,1743563677.610837
persona,0.2797858715057373,555,229,639,479,1743563677.6111374
silla,0.25945350527763367,0,323,130,479,1743563677.611537
persona,0.5179941654205322,554,229,639,477,1743563677.986472
silla,0.29594090580940247,39,323,127,414,1743563677.9867654
persona,0.2879607379436493,85,28,632,479,1743563677.9869986
persona,0.6033204793930054,556,227,639,477,1743563678.3567317
silla,0.40581685304641724,39,323,128,414,1743563678.3570428
silla,0.25517693161964417,0,411,114,479,1743563678.357281
persona,0.5372838973999023,556,226,639,476,1743563678.717909
silla,0.40413159132003784,38,323,128,414,1743563678.71835
silla,0.30849796533584595,0,323,131,479,1743563678.7187395
silla,0.2758578062057495,0,411,114,479,1743563678.7191484
persona,0.38422346115112305,556,225,639,478,1743563679.0880742
silla,0.3341474235057831,38,322,126,429,1743563679.0885108
silla,0.28263214230537415,0,323,131,479,1743563679.0888634
silla,0.2674946188926697,0,410,113,479,1743563679.0892184
persona,0.4901997447013855,556,224,639,478,1743563679.4548995
silla,0.27584344148635864,39,323,126,415,1743563679.4552941
silla,0.2731162905693054,0,323,131,479,1743563679.4556665
persona,0.34665125608444214,563,212,639,480,1743563679.82224
silla,0.30487576127052307,0,323,133,478,1743563679.8226604
persona,0.6817165613174438,94,234,631,479,1743563680.1944935
persona,0.25344136357307434,100,4,639,478,1743563680.1949615
persona,0.7305513620376587,100,0,638,478,1743563680.5638766
persona,0.3902554214000702,66,146,638,479,1743563680.5642893
persona,0.7856423258781433,108,0,637,479,1743563680.9529264
persona,0.7911826372146606,84,4,633,480,1743563681.3198047
silla,0.3818681240081787,39,322,132,413,1743563681.3203187
persona,0.2943950295448303,80,172,636,478,1743563681.320736
persona,0.8556100726127625,102,4,638,478,1743563681.6861303
silla,0.3163863718509674,39,322,132,414,1743563681.6865897
persona,0.8604037761688232,87,3,628,480,1743563682.060944
silla,0.2822542190551758,38,322,134,415,1743563682.0612485
persona,0.6356073021888733,107,182,638,479,1743563682.4334078
persona,0.36099785566329956,570,63,639,383,1743563682.4337578
persona,0.2734074592590332,1,177,258,479,1743563682.4340425
persona,0.6795432567596436,111,250,615,479,1743563682.8135073
persona,0.5151716470718384,0,339,229,479,1743563683.1821258
persona,0.3485395610332489,520,184,639,479,1743563683.182549
persona,0.40088486671447754,51,217,639,479,1743563683.5446994
persona,0.5389602780342102,497,227,639,479,1743563683.9534874
remote,0.3593395948410034,199,382,543,479,1743563683.9537823
persona,0.3291379511356354,51,226,639,479,1743563683.954038
remote,0.3358883261680603,194,393,534,479,1743563684.3282745
persona,0.2985623776912689,0,322,218,479,1743563684.6952016
persona,0.2833837568759918,50,70,638,479,1743563684.6956463
remote,0.26472654938697815,197,392,529,479,1743563684.6961145
persona,0.8777062296867371,133,59,609,479,1743563686.5547383
silla,0.5509823560714722,572,286,639,427,1743563686.5552337
persona,0.8681437969207764,51,54,608,479,1743563686.9438605
silla,0.6085710525512695,571,286,639,428,1743563686.9443204
silla,0.5055662989616394,415,138,560,302,1743563686.944686
persona,0.8139387965202332,65,54,619,479,1743563687.3203416
silla,0.6073270440101624,573,286,639,421,1743563687.3206842
silla,0.30574095249176025,412,138,559,299,1743563687.320936
persona,0.8448854088783264,102,56,622,479,1743563687.7024128
silla,0.5483208894729614,571,285,639,426,1743563687.7031405
silla,0.26483193039894104,405,138,560,297,1743563687.7036076
persona,0.7553910613059998,122,54,634,480,1743563688.0766068
silla,0.525593638420105,571,286,639,425,1743563688.076937
silla,0.3424479067325592,0,412,128,479,1743563688.0771723
remote,0.28692013025283813,256,216,461,325,1743563688.077385
persona,0.7495038509368896,119,53,589,479,1743563688.451999
toothbrush,0.7196647524833679,391,113,462,313,1743563688.452342
silla,0.4063125252723694,0,412,135,479,1743563688.4526339
persona,0.723832905292511,116,47,633,480,1743563688.8313246
toothbrush,0.39162126183509827,378,75,430,295,1743563688.8317852
silla,0.3894203007221222,0,413,136,479,1743563688.8322105
persona,0.7940942049026489,126,46,639,480,1743563689.202397
toothbrush,0.7734410762786865,371,85,411,296,1743563689.2028563
silla,0.29929083585739136,0,412,137,479,1743563689.203232
persona,0.7608560919761658,122,46,639,479,1743563689.5709198
toothbrush,0.7187201976776123,370,84,414,296,1743563689.5712435
silla,0.34404489398002625,0,413,136,479,1743563689.5715168
bowl,0.25975459814071655,0,412,137,479,1743563689.5717533
persona,0.7635291218757629,129,43,638,480,1743563689.940018
toothbrush,0.73553866147995,369,81,414,302,1743563689.9404864
silla,0.3772817552089691,0,413,136,479,1743563689.9408846
toothbrush,0.8513997793197632,369,84,414,297,1743563690.3167162
persona,0.7925752997398376,127,45,638,480,1743563690.3172178
silla,0.4448634088039398,0,413,135,479,1743563690.3176925
persona,0.8133354783058167,59,35,639,479,1743563690.8313572
telefono celular,0.5958787798881531,314,67,392,276,1743563690.8318417
toothbrush,0.5548166632652283,315,68,393,274,1743563690.8323345
silla,0.3443179726600647,0,412,135,479,1743563690.8327646
persona,0.8170246481895447,94,35,639,480,1743563691.2071476
silla,0.42506641149520874,0,413,135,479,1743563691.2076452
telefono celular,0.41778191924095154,296,78,345,295,1743563691.2080066
persona,0.8286703824996948,113,35,639,479,1743563691.579213
bowl,0.2550438940525055,0,412,136,479,1743563691.5796933
persona,0.840596616268158,69,56,640,479,1743563691.958709
silla,0.5318698883056641,571,286,639,455,1743563691.9591615
laptop,0.3077065646648407,38,322,140,417,1743563691.9594846
silla,0.29770562052726746,403,138,561,295,1743563691.959821
persona,0.8523862957954407,88,51,638,480,1743563692.333312
silla,0.6463005542755127,571,286,639,426,1743563692.333891
silla,0.38604119420051575,403,138,562,296,1743563692.3343077
persona,0.8154234886169434,102,58,618,480,1743563692.707335
silla,0.7356544137001038,570,286,639,478,1743563692.7076917
persona,0.5301780700683594,256,60,600,480,1743563692.7079253
persona,0.8222249150276184,128,56,596,479,1743563693.0850778
silla,0.6345893740653992,571,286,639,477,1743563693.0856357
silla,0.37744140625,0,413,134,479,1743563693.0860355
silla,0.30389291048049927,574,286,639,423,1743563693.0864332
persona,0.8183752298355103,130,55,595,479,1743563693.546094
silla,0.7455540299415588,572,286,639,478,1743563693.5465593
telefono celular,0.6249039769172668,396,214,443,309,1743563693.5468757
telefono celular,0.5266684889793396,375,103,446,299,1743563693.5473146
silla,0.28171253204345703,0,412,135,479,1743563693.547607
persona,0.8330241441726685,125,54,597,479,1743563693.9196277
silla,0.6691374182701111,570,286,639,476,1743563693.9199917
telefono celular,0.5107648372650146,365,99,440,300,1743563693.9202478
telefono celular,0.34828415513038635,378,205,425,309,1743563693.920573
silla,0.3267284035682678,0,413,135,479,1743563693.9208877
persona,0.8254021406173706,121,58,584,479,1743563694.3198836
silla,0.6070703864097595,572,286,639,428,1743563694.3203926
telefono celular,0.5084225535392761,364,95,442,298,1743563694.3207493
telefono celular,0.46531057357788086,377,201,431,290,1743563694.3212178
silla,0.34734222292900085,0,412,134,479,1743563694.3216555
persona,0.8371168971061707,113,52,585,479,1743563694.692145
silla,0.6493794918060303,571,286,639,477,1743563694.692641
telefono celular,0.4931166172027588,361,97,440,300,1743563694.6930032
bowl,0.29991230368614197,0,412,136,479,1743563694.693728
persona,0.8638265132904053,119,58,597,479,1743563695.0760863
silla,0.7775917053222656,571,286,639,478,1743563695.076593
telefono celular,0.4812203347682953,346,199,411,294,1743563695.0769453
silla,0.40683597326278687,0,413,135,479,1743563695.0778553
telefono celular,0.7226763963699341,224,246,421,360,1743563695.455936
persona,0.590468168258667,91,48,638,480,1743563695.4564028
silla,0.5738089084625244,574,287,639,398,1743563695.4568508
silla,0.40345069766044617,0,413,135,479,1743563695.4571724
silla,0.3975220024585724,39,323,147,450,1743563695.4574115
remote,0.34228184819221497,275,246,541,479,1743563695.4576342
silla,0.29367420077323914,102,323,154,407,1743563695.4578876
persona,0.7655223608016968,112,48,640,480,1743563695.8289933
telefono celular,0.5231669545173645,277,243,474,321,1743563695.8294456
silla,0.26885831356048584,0,413,134,480,1743563695.829895
persona,0.8092353343963623,104,46,638,480,1743563696.2114742
telefono celular,0.3156161308288574,284,241,550,480,1743563696.2120044
silla,0.299724817276001,0,412,136,480,1743563696.212451
silla,0.25964534282684326,40,322,147,450,1743563696.2126942
persona,0.8360356092453003,84,46,638,480,1743563696.595978
persona,0.7080810070037842,126,48,632,479,1743563696.974896
telefono celular,0.42343491315841675,281,236,489,322,1743563696.9752479
telefono celular,0.3239182233810425,280,242,511,340,1743563696.9755712
silla,0.253980427980423,0,412,137,479,1743563696.9758964
persona,0.8405908346176147,124,44,633,479,1743563697.3696768
silla,0.3155387043952942,0,413,136,479,1743563697.3701668
telefono celular,0.2811574935913086,278,241,508,325,1743563697.3704996
persona,0.734470009803772,124,44,636,480,1743563697.7585104
silla,0.27816933393478394,0,413,137,479,1743563697.759005
persona,0.7922348380088806,122,44,637,479,1743563698.1464725
telefono celular,0.5195255279541016,256,239,574,479,1743563698.1469631
silla,0.36752358078956604,0,413,136,479,1743563698.1474447
telefono celular,0.2824200391769409,278,242,492,322,1743563698.1477733
persona,0.8531567454338074,122,48,637,479,1743563698.5349445
silla,0.3348861038684845,39,322,147,441,1743563698.535423
silla,0.33425483107566833,0,412,136,480,1743563698.5357816
persona,0.866504430770874,125,54,640,479,1743563698.9280903
silla,0.5503116846084595,573,286,639,438,1743563698.928553
silla,0.4185957610607147,414,139,559,300,1743563698.9288883
silla,0.37481194734573364,0,413,133,479,1743563698.9292235
silla,0.2639394998550415,103,323,153,408,1743563698.9295647
silla,0.25119107961654663,38,323,147,426,1743563698.9299088
persona,0.8372818827629089,125,58,639,479,1743563699.3158207
silla,0.551737368106842,574,286,639,447,1743563699.3161697
silla,0.42044663429260254,0,413,134,479,1743563699.316419
silla,0.35038629174232483,407,138,559,299,1743563699.3166676
silla,0.25507962703704834,37,323,147,458,1743563699.3169672
persona,0.8426583409309387,125,58,619,479,1743563699.7058897
silla,0.6563004851341248,574,286,639,419,1743563699.7063768
silla,0.37527957558631897,407,138,559,300,1743563699.7067645
silla,0.34396013617515564,0,412,135,479,1743563699.707146
silla,0.2909253239631653,574,286,639,476,1743563699.7074761
persona,0.8314148783683777,126,55,612,479,1743563700.0938814
silla,0.7205723524093628,573,287,639,424,1743563700.094388
silla,0.5172315239906311,409,139,559,302,1743563700.0947218
silla,0.3259274661540985,0,413,134,479,1743563700.0950983
silla,0.25258564949035645,0,323,150,479,1743563700.0953388
silla,0.6421883702278137,572,286,639,421,1743563700.4883795
cup,0.5065954327583313,580,423,639,479,1743563700.4886546
persona,0.4309140741825104,129,55,603,479,1743563700.488884
silla,0.38660386204719543,0,413,135,479,1743563700.489205
persona,0.36497560143470764,258,52,625,480,1743563700.4894927
persona,0.29503148794174194,131,58,452,479,1743563700.4898095
silla,0.25683581829071045,9,322,151,478,1743563700.4901202
telefono celular,0.6543676853179932,276,62,433,328,1743563700.8750942
silla,0.639929473400116,572,286,639,479,1743563700.875621
silla,0.370310515165329,0,413,134,479,1743563700.8759766
persona,0.7483716607093811,126,63,621,479,1743563701.2474155
telefono celular,0.6739755272865295,284,56,436,314,1743563701.2477841
silla,0.6245123147964478,571,286,639,478,1743563701.2482853
silla,0.26317793130874634,0,412,134,479,1743563701.2486556
telefono celular,0.7796958684921265,287,69,420,318,1743563701.6233885
silla,0.6917300820350647,571,286,639,478,1743563701.6237712
persona,0.5503475666046143,130,62,617,479,1743563701.624025
silla,0.33822405338287354,0,413,134,479,1743563701.624338
silla,0.2850305140018463,39,323,147,460,1743563701.624595
telefono celular,0.6317410469055176,287,84,417,317,1743563702.0063572
telefono celular,0.6291625499725342,284,82,418,408,1743563702.00693
silla,0.597107470035553,572,286,639,426,1743563702.007466
persona,0.4790416657924652,131,67,604,479,1743563702.0078564
telefono celular,0.33093830943107605,110,75,601,480,1743563702.0083437
silla,0.2844911813735962,0,413,134,479,1743563702.0088823
silla,0.2600463330745697,103,323,155,414,1743563702.0092719
silla,0.7031669616699219,572,285,639,478,1743563702.3921077
silla,0.39725980162620544,0,412,134,479,1743563702.3923912
persona,0.3946968913078308,127,64,626,479,1743563702.3926284
telefono celular,0.32064592838287354,280,75,423,301,1743563702.3929493
silla,0.26094886660575867,102,322,154,409,1743563702.393276
silla,0.5713565945625305,572,286,639,478,1743563702.773039
persona,0.3927530348300934,86,58,593,479,1743563702.7738876
silla,0.33110305666923523,0,413,135,479,1743563702.7746384
telefono celular,0.3062152564525604,280,79,418,310,1743563702.7751188
silla,0.6047874093055725,572,286,639,426,1743563703.148032
persona,0.4812847375869751,113,62,605,479,1743563703.1484313
silla,0.3360674977302551,0,412,134,479,1743563703.1489007
telefono celular,0.25352445244789124,281,75,422,311,1743563703.1492453
silla,0.6102046966552734,572,286,639,425,1743563703.538293
persona,0.44861188530921936,109,60,601,480,1743563703.5385602
telefono celular,0.38524502515792847,279,59,437,311,1743563703.5388703
persona,0.7966859936714172,116,58,635,479,1743563703.9173443
persona,0.8172034621238708,74,49,625,479,1743563704.293953
silla,0.6311763525009155,572,286,639,428,1743563704.2945237
silla,0.40141597390174866,414,138,559,303,1743563704.2948203
persona,0.8351069688796997,68,46,638,479,1743563704.671168
silla,0.662663459777832,574,286,639,422,1743563704.6715295
silla,0.25190502405166626,415,138,559,302,1743563704.6717846
persona,0.8748132586479187,24,49,639,479,1743563705.0475209
silla,0.6847126483917236,573,287,639,403,1743563705.0479891
silla,0.4113849401473999,412,138,560,300,1743563705.0483334
persona,0.8538404703140259,7,49,639,479,1743563705.426877
silla,0.5645034909248352,573,287,639,405,1743563705.42736
silla,0.3857204020023346,409,138,559,300,1743563705.4276974
persona,0.8096054792404175,6,48,624,479,1743563705.8069468
silla,0.7639365792274475,574,287,639,399,1743563705.807494
silla,0.36586031317710876,44,323,133,412,1743563705.8078783
silla,0.3310096859931946,410,138,560,302,1743563705.8082614
persona,0.6642791032791138,110,221,632,479,1743563706.201981
persona,0.5724221467971802,0,237,126,479,1743563706.2024724
persona,0.511591911315918,87,53,622,479,1743563706.2028904
silla,0.39606037735939026,570,286,639,477,1743563706.2033467
persona,0.7288894653320312,22,201,616,479,1743563706.580602
teclado,0.45150795578956604,2,80,631,193,1743563706.5809262
persona,0.3555822968482971,0,66,137,475,1743563706.5816147
persona,0.30260536074638367,593,194,639,479,1743563706.5821013
persona,0.7651108503341675,20,197,620,479,1743563706.956889
teclado,0.6975288987159729,6,27,639,202,1743563706.9573185
persona,0.3248029053211212,0,65,137,478,1743563706.9577096
persona,0.3233790695667267,593,191,639,478,1743563706.9581318
persona,0.6925782561302185,3,191,619,479,1743563707.32611
teclado,0.5197538137435913,16,7,597,201,1743563707.3266368
persona,0.4209126830101013,595,183,639,478,1743563707.3270001
persona,0.7582133412361145,51,195,623,479,1743563707.7014933
teclado,0.4808671474456787,13,3,627,205,1743563707.7019618
persona,0.3608602285385132,598,186,639,478,1743563707.702349
persona,0.3313181698322296,0,75,145,478,1743563707.7027261
persona,0.7295156717300415,9,197,619,479,1743563708.0788503
persona,0.4553677439689636,596,193,639,479,1743563708.0793464
teclado,0.4525337815284729,12,1,628,212,1743563708.0797591
persona,0.2588753402233124,0,76,194,478,1743563708.080126
persona,0.789630651473999,30,212,618,479,1743563708.4590828
teclado,0.5554222464561462,1,1,628,220,1743563708.459529
persona,0.4926600754261017,601,205,639,479,1743563708.4598694
persona,0.4396349787712097,0,84,146,479,1743563708.4602242
silla,0.2899931073188782,409,254,480,292,1743563708.4606194
persona,0.8113324642181396,89,206,619,479,1743563708.8411632
persona,0.528766930103302,603,202,639,479,1743563708.8415067
teclado,0.4423366189002991,2,0,610,220,1743563708.8417754
persona,0.3677442669868469,0,50,137,478,1743563708.8420115
persona,0.8640887141227722,125,221,613,479,1743563709.231034
persona,0.42923611402511597,603,215,639,479,1743563709.2315295
rat√≥n,0.267014741897583,271,63,432,154,1743563709.6085205
teclado,0.5447094440460205,0,164,639,476,1743563709.9832182
persona,0.48503339290618896,271,70,433,171,1743563709.9835246
teclado,0.5399001240730286,1,166,640,478,1743563710.3616905
persona,0.3669682443141937,271,69,435,171,1743563710.362126
teclado,0.754538893699646,0,170,639,478,1743563710.7353408
persona,0.2902309000492096,272,69,435,181,1743563710.7357912
teclado,0.7201696634292603,0,181,639,479,1743563711.1187184
persona,0.3192811906337738,269,69,435,187,1743563711.119177
teclado,0.7103893756866455,0,175,639,478,1743563711.4880307
teclado,0.7963231205940247,0,172,640,465,1743563711.864304
laptop,0.29886963963508606,7,100,639,477,1743563711.8648064
persona,0.7962319850921631,30,60,639,479,1743563712.2447119
persona,0.8338727355003357,9,59,634,480,1743563712.6175303
silla,0.5851989984512329,574,287,639,427,1743563712.6180115
laptop,0.337517648935318,0,323,137,447,1743563712.61835
laptop,0.2511342465877533,47,323,129,414,1743563712.6187067
persona,0.8977372646331787,3,57,639,479,1743563712.9958825
silla,0.6264719367027283,574,287,639,404,1743563712.9963834
silla,0.33341923356056213,409,138,559,299,1743563712.9967432
laptop,0.3137669861316681,0,322,119,466,1743563712.9974277
persona,0.9084025621414185,1,54,640,479,1743563713.3749025
silla,0.6413033604621887,574,287,639,403,1743563713.3752332
silla,0.31475043296813965,401,138,559,298,1743563713.3754683
laptop,0.2707468867301941,0,323,116,453,1743563713.3757079
persona,0.9197256565093994,0,54,639,479,1743563713.7654386
silla,0.5078331232070923,571,286,639,454,1743563713.7659574
persona,0.903742253780365,0,55,623,479,1743563714.1454964
silla,0.6187824010848999,571,286,639,426,1743563714.1460168
persona,0.8791778683662415,0,51,623,479,1743563714.5231378
silla,0.6061583161354065,571,286,639,425,1743563714.5234802
persona,0.8700605630874634,1,56,598,480,1743563714.889933
silla,0.6632169485092163,571,286,639,478,1743563714.890283
persona,0.7527773380279541,74,58,592,480,1743563715.2655444
silla,0.5478644371032715,572,286,639,426,1743563715.266038
laptop,0.3590852618217468,39,323,130,415,1743563715.2663977
bottle,0.261424720287323,250,179,287,297,1743563715.2667887
persona,0.7970648407936096,87,51,608,480,1743563715.742759
silla,0.6124531030654907,571,286,639,477,1743563715.743249
silla,0.3114832043647766,37,323,137,418,1743563715.7435677
toothbrush,0.31068527698516846,333,112,418,275,1743563715.7437901
persona,0.8171424865722656,87,50,609,480,1743563716.1218545
silla,0.6548992395401001,570,286,639,478,1743563716.1223695
tijeras,0.3772653341293335,323,108,406,280,1743563716.1227407
toothbrush,0.3509467542171478,323,111,407,273,1743563716.123151
silla,0.3075488805770874,39,322,138,417,1743563716.1235797
persona,0.8359277248382568,85,51,596,480,1743563716.4969554
silla,0.6217374801635742,571,286,639,477,1743563716.497446
tijeras,0.34027084708213806,322,108,407,276,1743563716.4978113
toothbrush,0.2937145233154297,322,111,408,273,1743563716.4981923
silla,0.2599951922893524,40,322,138,416,1743563716.4986224
persona,0.8052268624305725,93,50,608,480,1743563716.8738573
silla,0.613622784614563,570,286,639,478,1743563716.8743808
tijeras,0.3615134656429291,323,106,408,275,1743563716.8747573
silla,0.29716911911964417,40,322,137,416,1743563716.8751802
toothbrush,0.25693202018737793,323,106,408,273,1743563716.8755503
persona,0.7961341142654419,69,48,583,479,1743563717.247024
silla,0.653807520866394,571,286,639,478,1743563717.2475674
tijeras,0.2966480851173401,324,104,409,275,1743563717.247951
toothbrush,0.2779943645000458,324,107,409,272,1743563717.2483687
silla,0.25537222623825073,0,322,164,479,1743563717.248825
persona,0.7786813378334045,100,59,582,479,1743563717.6275463
silla,0.6625514030456543,571,286,639,477,1743563717.6280346
toothbrush,0.36072632670402527,326,109,410,274,1743563717.6283927
tijeras,0.2790147364139557,326,107,411,282,1743563717.6288238
persona,0.8706362247467041,1,46,584,479,1743563717.998546
silla,0.6762034893035889,571,286,639,478,1743563717.9990475
toothbrush,0.4199666678905487,326,104,410,272,1743563717.999421
silla,0.3694518804550171,573,286,639,423,1743563717.9998534
telefono celular,0.33819904923439026,402,253,483,294,1743563718.0001984
tijeras,0.3141360878944397,326,102,411,273,1743563718.0006416
persona,0.848772406578064,71,48,633,479,1743563718.3764663
silla,0.6453859806060791,571,286,639,429,1743563718.376964
persona,0.7463358044624329,103,59,627,480,1743563718.7511623
silla,0.5871240496635437,572,287,639,427,1743563718.7516427
telefono celular,0.26670581102371216,398,252,483,295,1743563718.7519925
persona,0.798730731010437,122,57,633,479,1743563719.1402733
telefono celular,0.5522730350494385,330,98,382,243,1743563719.1406283
silla,0.5369608402252197,572,286,639,427,1743563719.141348
silla,0.399557501077652,0,413,135,479,1743563719.1417508
telefono celular,0.30194079875946045,399,253,480,295,1743563719.1423428
silla,0.2814682126045227,39,322,142,432,1743563719.1429312
persona,0.8511269688606262,126,45,620,479,1743563719.5184748
telefono celular,0.7586720585823059,363,105,406,247,1743563719.5189695
silla,0.6862391233444214,570,286,639,478,1743563719.5192761
silla,0.3888375163078308,0,413,136,479,1743563719.5195215
persona,0.8321921825408936,128,53,582,479,1743563719.8993726
telefono celular,0.7538447380065918,349,104,393,238,1743563719.8998785
silla,0.693936824798584,571,286,639,478,1743563719.9003417
silla,0.36115512251853943,0,412,136,479,1743563719.9007118
silla,0.27961981296539307,39,323,146,426,1743563719.9010682
silla,0.2580639123916626,103,323,150,403,1743563719.9014366
persona,0.8205816149711609,121,60,589,479,1743563720.2829678
telefono celular,0.7478832006454468,348,105,393,243,1743563720.2834928
silla,0.7296364903450012,571,286,639,478,1743563720.2839777
silla,0.4479110836982727,0,412,136,479,1743563720.2843378
tie,0.3891887962818146,317,380,420,479,1743563720.284704
silla,0.2958815097808838,40,322,145,438,1743563720.2850673
silla,0.7958894371986389,571,286,639,478,1743563720.6615758
persona,0.790599524974823,118,57,580,480,1743563720.661974
telefono celular,0.61695796251297,344,105,392,255,1743563720.6624177
tie,0.46867135167121887,315,380,416,479,1743563720.6628852
silla,0.3023642599582672,0,413,136,479,1743563720.6631973
silla,0.25826796889305115,41,322,145,435,1743563720.6635327
silla,0.2571364641189575,103,323,152,389,1743563720.6638834
persona,0.7747342586517334,115,56,576,480,1743563721.0380561
silla,0.7629443407058716,571,286,639,478,1743563721.0385368
telefono celular,0.5058935880661011,344,105,389,259,1743563721.0388975
silla,0.3167814314365387,0,413,136,479,1743563721.0393696
persona,0.8000216484069824,125,54,589,479,1743563721.418426
silla,0.7544361352920532,570,286,639,478,1743563721.4187753
telefono celular,0.7450668811798096,344,105,395,262,1743563721.4190092
silla,0.30500632524490356,0,413,136,479,1743563721.4193106
silla,0.2879747450351715,102,323,151,394,1743563721.4195988
silla,0.26192545890808105,40,323,146,444,1743563721.4199407
silla,0.7961745262145996,570,286,639,479,1743563721.7960234
persona,0.7838015556335449,123,55,577,480,1743563721.7964096
telefono celular,0.7019072771072388,344,105,392,261,1743563721.7971714
silla,0.28129512071609497,0,413,136,479,1743563721.79773
silla,0.82148677110672,571,286,639,479,1743563722.170276
persona,0.8057928085327148,118,52,581,479,1743563722.170681
silla,0.2602069079875946,0,412,136,479,1743563722.1711748
telefono celular,0.8353781700134277,320,111,375,251,1743563722.546777
persona,0.8156815767288208,126,55,580,480,1743563722.54723
silla,0.7122583389282227,571,286,639,479,1743563722.547682
silla,0.3463744819164276,0,413,134,479,1743563722.5480042
silla,0.3241082429885864,573,286,639,425,1743563722.5483322
silla,0.28418824076652527,103,323,149,400,1743563722.5486994
persona,0.849331259727478,116,55,595,479,1743563722.9457166
silla,0.47038641571998596,572,286,639,426,1743563722.946291
silla,0.36598286032676697,41,323,141,424,1743563722.9466667
remote,0.36547720432281494,307,379,425,479,1743563722.9470572
silla,0.2664872705936432,103,323,150,392,1743563722.947477
silla,0.2540270686149597,0,412,133,480,1743563722.9478502
persona,0.8085252642631531,107,61,635,479,1743563723.417855
silla,0.6000778675079346,572,286,639,428,1743563723.4182477
silla,0.37488651275634766,406,139,559,301,1743563723.4185252
persona,0.8510039448738098,7,58,624,479,1743563723.802652
silla,0.521317720413208,571,286,639,425,1743563723.8031545
silla,0.316176176071167,403,138,559,300,1743563723.8035078
persona,0.8656300902366638,14,56,621,479,1743563724.1767733
silla,0.5224286317825317,572,286,639,424,1743563724.1772647
silla,0.31369054317474365,407,138,559,300,1743563724.1776133
persona,0.6486729979515076,136,52,621,480,1743563724.5602298
silla,0.5740041732788086,572,287,639,424,1743563724.5607238
silla,0.28225043416023254,407,138,560,301,1743563724.5610664
persona,0.8151397705078125,101,55,623,480,1743563724.9371157
silla,0.5362040400505066,572,286,639,424,1743563724.937458
silla,0.3484840989112854,571,286,639,480,1743563724.9376838
silla,0.6575907468795776,573,287,639,404,1743563725.3131845
persona,0.5917714834213257,23,59,624,479,1743563725.313456
persona,0.47662729024887085,196,63,616,479,1743563725.3137925
persona,0.32614991068840027,527,384,639,479,1743563725.314103
telefono celular,0.3072681427001953,389,250,476,293,1743563725.3143678
persona,0.6819472312927246,131,41,636,479,1743563725.6941912
persona,0.8590633869171143,9,3,637,478,1743563726.0752077
persona,0.8432077169418335,106,1,640,480,1743563726.4804573
persona,0.7280392646789551,146,0,636,478,1743563726.8739412
persona,0.8785178065299988,168,0,636,478,1743563727.2672472
silla,0.4669778048992157,0,215,195,410,1743563727.2677052
florero,0.4390278458595276,0,310,37,413,1743563727.2680776
persona,0.8742784261703491,181,0,638,478,1743563727.6633973
silla,0.2630654275417328,61,231,226,399,1743563727.6637137
persona,0.8260141611099243,185,0,639,478,1743563728.0601215
pelota deportiva,0.36709851026535034,279,387,424,479,1743563728.0605474
silla,0.3608000874519348,17,211,204,406,1743563728.0610356
persona,0.8066302537918091,118,0,639,478,1743563728.4535713
persona,0.885817289352417,155,0,632,479,1743563728.8401408
silla,0.5049341320991516,30,264,194,440,1743563728.8405654
persona,0.879264771938324,150,0,636,479,1743563729.2228484
silla,0.5275847315788269,30,265,190,439,1743563729.2232106
persona,0.8794283270835876,146,0,635,479,1743563729.6148915
silla,0.5056297183036804,30,265,188,435,1743563729.6153429
persona,0.875953197479248,134,1,637,479,1743563730.0023818
silla,0.4547322690486908,30,266,188,431,1743563730.0028408
persona,0.8520252108573914,139,0,636,479,1743563730.399612
silla,0.4047468304634094,31,266,192,436,1743563730.4000294
persona,0.857429563999176,161,0,638,480,1743563730.7938423
florero,0.5454069972038269,0,342,32,450,1743563730.7942505
silla,0.38284027576446533,109,266,191,354,1743563730.7945256
silla,0.2760474383831024,0,250,67,449,1743563730.794779
persona,0.8389027714729309,183,0,639,479,1743563731.1813972
silla,0.5771998167037964,15,250,215,441,1743563731.1817954
silla,0.252341628074646,0,343,69,451,1743563731.1821768
persona,0.8948220014572144,211,0,639,479,1743563731.5696127
silla,0.45494478940963745,80,265,233,434,1743563731.5699954
silla,0.27138200402259827,30,252,119,440,1743563731.570432
persona,0.9089317917823792,218,1,639,479,1743563731.9580452
silla,0.43901705741882324,89,265,240,424,1743563731.9587288
silla,0.2949531376361847,29,249,139,446,1743563731.959121
persona,0.9001705050468445,236,0,639,479,1743563732.34265
persona,0.9024702310562134,238,0,639,479,1743563732.7209804
silla,0.5282017588615417,106,264,264,435,1743563732.7213817
silla,0.2941153645515442,55,248,248,439,1743563732.7217505
persona,0.8973202109336853,238,1,639,479,1743563733.1030388
silla,0.6614568829536438,103,265,262,432,1743563733.1033454
silla,0.3478669822216034,53,247,248,442,1743563733.1036203
persona,0.8075893521308899,232,0,639,480,1743563733.4823647
persona,0.6665253639221191,190,0,639,479,1743563733.8726153
silla,0.32156455516815186,180,265,261,371,1743563733.8730643
silla,0.26363661885261536,53,248,144,436,1743563733.8734682
silla,0.25390323996543884,102,349,244,435,1743563733.873886
persona,0.8296428918838501,222,0,639,479,1743563734.2497718
silla,0.4795588254928589,105,266,260,427,1743563734.2501853
silla,0.3044765889644623,53,248,158,436,1743563734.2505603
persona,0.845762312412262,227,0,639,479,1743563734.623588
silla,0.6533622145652771,105,265,264,428,1743563734.6238751
silla,0.3210567533969879,54,247,171,437,1743563734.6242037
silla,0.2994705140590668,54,248,249,439,1743563734.6245637
persona,0.842553973197937,228,0,639,479,1743563735.0039575
silla,0.568954348564148,103,265,266,434,1743563735.004392
silla,0.291290283203125,52,247,153,437,1743563735.0047827
persona,0.8391620516777039,172,0,639,479,1743563735.3891773
silla,0.4408208727836609,105,265,274,431,1743563735.3894837
silla,0.26212918758392334,53,249,251,439,1743563735.3898187
persona,0.8332049250602722,178,0,639,478,1743563735.7810082
silla,0.5135688781738281,104,265,276,431,1743563735.7814496
silla,0.3207082748413086,54,249,257,440,1743563735.7818577
silla,0.2839201092720032,181,265,274,357,1743563735.7822385
persona,0.8478793501853943,214,0,640,477,1743563736.1662166
silla,0.4603617191314697,105,265,278,428,1743563736.1666524
silla,0.28820347785949707,53,248,258,440,1743563736.167045
persona,0.8796860575675964,203,0,640,477,1743563736.5533116
silla,0.4162803590297699,105,265,278,429,1743563736.5536659
silla,0.26939016580581665,55,248,258,440,1743563736.55391
persona,0.8598071932792664,209,0,640,478,1743563736.9382937
silla,0.408137708902359,102,265,280,433,1743563736.9385724
silla,0.28788119554519653,52,248,264,440,1743563736.9388056
persona,0.8802773356437683,203,0,640,477,1743563737.321109
persona,0.8701969385147095,214,0,640,477,1743563737.698012
silla,0.34876665472984314,51,248,262,440,1743563737.698417
silla,0.25026610493659973,107,265,280,426,1743563737.698821
persona,0.5398968458175659,218,175,638,479,1743563738.0756395
persona,0.3310365080833435,481,0,639,342,1743563738.0759966
silla,0.4534928798675537,53,251,280,467,1743563738.4733305
persona,0.39468351006507874,268,189,639,479,1743563738.4737267
persona,0.7966970205307007,288,194,639,479,1743563738.85739
silla,0.44102492928504944,52,250,291,459,1743563738.8578694
silla,0.2932259440422058,106,264,296,449,1743563738.8582191
persona,0.5981996655464172,294,195,639,479,1743563739.2428906
silla,0.4269506335258484,105,265,298,448,1743563739.2433598
silla,0.5347952842712402,51,249,298,449,1743563739.6219797
persona,0.4700445234775543,306,195,638,479,1743563739.6222515
silla,0.27155470848083496,105,263,311,451,1743563739.6225302
persona,0.6453554034233093,305,197,639,479,1743563740.1096761
silla,0.4915466904640198,51,251,301,450,1743563740.1101913
silla,0.26049792766571045,101,264,308,460,1743563740.1105917
persona,0.7654085755348206,294,197,639,479,1743563740.4936736
silla,0.5350921154022217,104,265,303,447,1743563740.4941258
silla,0.34371185302734375,54,248,293,446,1743563740.494481
persona,0.7507705092430115,293,199,639,479,1743563740.8858945
silla,0.47678884863853455,105,265,300,448,1743563740.8863442
persona,0.5868885517120361,288,196,639,479,1743563741.2730322
silla,0.5218905806541443,55,250,290,450,1743563741.273548
silla,0.36850348114967346,111,263,300,449,1743563741.273945
persona,0.5124256014823914,274,192,638,479,1743563741.6547384
silla,0.29412832856178284,106,264,302,448,1743563741.655061
silla,0.2638069689273834,51,252,290,462,1743563741.6553226
silla,0.4487430155277252,54,249,271,446,1743563742.040379
persona,0.43649572134017944,248,189,639,479,1743563742.0406637
silla,0.266092985868454,104,266,299,435,1743563742.040958
persona,0.804488480091095,164,0,638,480,1743563742.424792
laptop,0.3632165491580963,210,268,277,353,1743563742.4252203
silla,0.29824933409690857,52,248,260,439,1743563742.4256167
persona,0.9066236615180969,195,0,639,480,1743563742.8041315
remote,0.3634638786315918,399,367,637,479,1743563742.8045359
silla,0.3429071009159088,55,247,228,440,1743563742.8052382
silla,0.3003975749015808,106,266,249,433,1743563742.8056304
persona,0.9121429920196533,203,0,639,478,1743563743.1910262
silla,0.4113883376121521,106,265,239,433,1743563743.1915863
persona,0.8594701886177063,182,0,638,478,1743563743.5800426
telefono celular,0.2553822100162506,364,355,508,479,1743563743.5804636
persona,0.9091755151748657,172,1,639,479,1743563743.963817
tie,0.3236725330352783,313,250,541,479,1743563743.9641016
persona,0.9047468304634094,106,0,639,479,1743563744.3499386
tie,0.25621697306632996,280,219,494,479,1743563744.3502321
persona,0.8974970579147339,112,0,639,479,1743563744.7296329
persona,0.9053043723106384,127,0,639,479,1743563745.1114848
persona,0.7185184359550476,187,0,639,478,1743563745.5009277
persona,0.9088987112045288,195,0,639,480,1743563745.8763945
frisbee,0.3187340199947357,327,157,556,315,1743563745.8772106
silla,0.25335291028022766,54,248,203,439,1743563745.8776758
persona,0.9005837440490723,193,0,640,479,1743563746.2682703
silla,0.3111734986305237,55,248,147,436,1743563746.2686841
persona,0.8823227882385254,189,0,639,480,1743563746.6501217
persona,0.8986845016479492,194,0,640,479,1743563747.0266676
persona,0.9055657982826233,189,0,640,480,1743563747.3996003
persona,0.8363547325134277,70,0,639,479,1743563747.7879853
persona,0.907518744468689,168,0,638,480,1743563748.175266
silla,0.3205353319644928,53,248,208,440,1743563748.1755571
persona,0.8546363711357117,129,0,638,480,1743563748.5494874
persona,0.8581217527389526,131,0,639,479,1743563748.929552
persona,0.8683140277862549,0,0,640,479,1743563749.3072743
persona,0.802399754524231,73,1,639,479,1743563749.681501
persona,0.8751876354217529,202,0,640,479,1743563750.0643485
wine glass,0.5334334373474121,515,192,639,392,1743563750.0648048
persona,0.8512117862701416,196,0,638,479,1743563750.4557965
donut,0.3806092143058777,412,92,539,208,1743563750.4562242
persona,0.8560867309570312,187,1,638,479,1743563750.8405516
persona,0.8505924940109253,192,0,638,479,1743563751.2283385
donut,0.3103208839893341,408,97,537,212,1743563751.228647
remote,0.9385185241699219,310,266,492,479,1743563751.6085973
persona,0.8811820149421692,166,0,639,479,1743563751.6090274
persona,0.795397937297821,99,10,639,480,1743563751.9941351
persona,0.32415249943733215,275,0,640,480,1743563751.9945724
persona,0.8549730181694031,132,1,639,479,1743563752.3775015
persona,0.806820273399353,128,8,639,480,1743563752.7614949
remote,0.5085106492042542,329,11,491,236,1743563752.761931
persona,0.7408233284950256,122,34,637,480,1743563753.1505585
persona,0.35810524225234985,255,0,640,480,1743563753.151046
remote,0.3517453670501709,324,12,486,239,1743563753.1514304
persona,0.7591468095779419,120,36,635,480,1743563753.5325887
remote,0.47208458185195923,325,12,488,242,1743563753.5330374
persona,0.3289061486721039,258,1,640,480,1743563753.533302
persona,0.7930988669395447,119,17,635,479,1743563753.914245
remote,0.4791409969329834,324,10,482,236,1743563753.9147246
persona,0.3645867109298706,262,0,640,480,1743563753.9150774
persona,0.8336958885192871,120,0,640,480,1743563754.3013244
rat√≥n,0.3885171711444855,0,419,46,477,1743563754.3017383
persona,0.8503235578536987,157,0,639,478,1743563754.6813214
telefono celular,0.2913694381713867,327,116,487,352,1743563754.681633
telefono celular,0.8409950733184814,330,145,481,375,1743563755.0640152
persona,0.7335076928138733,165,0,639,477,1743563755.0643852
persona,0.2840907871723175,127,145,640,479,1743563755.0646515
telefono celular,0.9420206546783447,321,146,474,381,1743563755.4545536
persona,0.8261893391609192,140,2,640,479,1743563755.454921
telefono celular,0.8808532953262329,317,146,471,381,1743563755.8387098
persona,0.8274878859519958,159,0,639,479,1743563755.839076
telefono celular,0.8907544612884521,315,143,467,371,1743563756.2401426
persona,0.8178261518478394,138,2,640,480,1743563756.2405336
persona,0.8722615242004395,118,0,638,480,1743563756.6353188
telefono celular,0.4245411157608032,315,149,342,189,1743563756.6356816
persona,0.7805346250534058,85,2,640,479,1743563757.0317917
rat√≥n,0.3433327078819275,0,419,46,477,1743563757.0320878
persona,0.7969523668289185,68,3,639,480,1743563757.435963
persona,0.7580588459968567,19,0,638,479,1743563757.8334546
persona,0.30731308460235596,64,18,510,479,1743563757.8338745
persona,0.7924900054931641,64,0,639,480,1743563758.2273176
persona,0.7535150051116943,41,0,637,479,1743563758.626944
persona,0.7490721940994263,62,0,625,479,1743563759.023645
persona,0.8071726560592651,82,0,638,480,1743563759.4183066
persona,0.8558380603790283,98,0,639,479,1743563759.8191624
pelota deportiva,0.36613255739212036,0,340,104,443,1743563759.8196087
persona,0.838313102722168,25,0,639,480,1743563760.218467
pelota deportiva,0.38904446363449097,0,340,104,444,1743563760.2189262
persona,0.807738721370697,135,0,640,480,1743563760.6160753
persona,0.3786673843860626,19,0,637,479,1743563761.0118177
persona,0.39489904046058655,13,1,639,479,1743563761.3942788
persona,0.621075451374054,254,0,639,480,1743563761.7848842
pelota deportiva,0.29654523730278015,0,208,102,311,1743563761.7853174
persona,0.8190481066703796,250,0,638,480,1743563762.2080693
silla,0.31074169278144836,106,132,305,317,1743563762.208517
silla,0.5681238770484924,42,119,286,315,1743563762.6026936
persona,0.4487614333629608,221,38,638,470,1743563762.6030815
motorcycle,0.3361437916755676,250,52,638,480,1743563762.603535
silla,0.3333507776260376,110,133,319,315,1743563762.6039894
silla,0.5621207356452942,41,121,296,326,1743563762.9832983
silla,0.5512887239456177,107,132,317,315,1743563762.9836044
persona,0.3994326591491699,219,116,638,475,1743563762.9838607
silla,0.5875072479248047,42,120,291,317,1743563763.3737051
persona,0.43828892707824707,223,58,639,477,1743563763.3741279
silla,0.36680349707603455,106,132,313,316,1743563763.3745677
silla,0.5278086066246033,41,120,288,319,1743563763.7576678
persona,0.503551721572876,224,49,639,477,1743563763.7580864
silla,0.39257922768592834,109,132,315,314,1743563763.7585647
silla,0.6393178105354309,42,119,288,315,1743563764.146217
persona,0.5141453742980957,226,54,639,478,1743563764.1467204
silla,0.36860448122024536,110,133,315,315,1743563764.147088
silla,0.5663237571716309,39,118,288,318,1743563764.5416563
persona,0.5608900189399719,227,53,638,478,1743563764.5421124
silla,0.42819109559059143,110,132,318,315,1743563764.5426173
persona,0.6503931283950806,226,58,638,477,1743563764.926188
silla,0.5238363146781921,42,119,291,317,1743563764.926712
silla,0.30571627616882324,108,132,317,316,1743563764.9270954
persona,0.5772435069084167,226,68,639,477,1743563765.4244347
silla,0.5031981468200684,40,119,290,316,1743563765.4249914
silla,0.34845003485679626,108,132,314,316,1743563765.4253888
silla,0.48668965697288513,37,119,294,314,1743563765.814592
silla,0.3270376920700073,112,132,317,315,1743563765.815021
remote,0.270693838596344,247,231,639,479,1743563765.8154073
frisbee,0.4191431999206543,73,454,137,479,1743563766.584647
persona,0.40444350242614746,406,0,639,181,1743563766.585057
persona,0.27270248532295227,127,32,639,479,1743563766.5853934
silla,0.25840315222740173,171,133,257,220,1743563766.5858407
silla,0.2573551535606384,41,116,168,306,1743563766.586199
remote,0.6533535122871399,160,35,640,479,1743563766.9669714
persona,0.2809801995754242,151,1,639,479,1743563766.9674966
persona,0.8917255997657776,59,0,638,480,1743563767.349757
frisbee,0.6897285580635071,74,455,138,479,1743563767.3501923
persona,0.6681810617446899,16,1,637,478,1743563767.7308657
persona,0.33150961995124817,0,210,216,446,1743563767.731279
persona,0.500990629196167,3,0,626,479,1743563768.1083765
persona,0.7348280549049377,28,2,638,479,1743563768.4886684
persona,0.522942066192627,232,3,637,477,1743563768.4890187
persona,0.8772786855697632,0,3,637,478,1743563768.8785257
persona,0.9121467471122742,1,0,633,477,1743563769.2666247
persona,0.8850788474082947,1,1,578,480,1743563769.6628036
persona,0.9046183228492737,0,0,583,480,1743563770.0476854
mochila,0.33156657218933105,42,201,577,479,1743563770.0479827
persona,0.8850574493408203,0,0,577,478,1743563770.4334161
persona,0.794840931892395,0,0,610,478,1743563770.8170972
persona,0.41474518179893494,0,2,596,478,1743563771.1974573
persona,0.8588640093803406,56,20,638,478,1743563771.5809464
auto,0.4344392716884613,111,192,636,479,1743563771.9692373
persona,0.3812153935432434,506,3,639,470,1743563771.9695644
silla,0.2595607340335846,96,269,210,380,1743563771.9698715
persona,0.5208835601806641,557,56,639,467,1743563772.3534017
silla,0.42238256335258484,91,268,234,423,1743563772.3538826
silla,0.2584969997406006,257,195,511,356,1743563772.3542604
silla,0.39904752373695374,93,268,240,435,1743563772.7431655
silla,0.31470924615859985,0,249,198,479,1743563772.7435575
silla,0.3337569534778595,89,268,244,436,1743563773.1281886
suitcase,0.3102772831916809,256,233,639,479,1743563773.128464
silla,0.4172912836074829,91,268,235,439,1743563773.5251145
persona,0.30794641375541687,572,85,639,418,1743563773.5253837
silla,0.5165628790855408,91,268,233,417,1743563773.9124322
persona,0.42220538854599,516,2,639,476,1743563773.9128392
persona,0.5972979068756104,122,1,638,480,1743563774.3023741
persona,0.7231103777885437,117,0,638,480,1743563774.689146
persona,0.6447830200195312,64,0,638,480,1743563775.0773861
tv,0.40279456973075867,118,95,353,291,1743563775.0776656
silla,0.27035969495773315,96,269,204,374,1743563775.0778883
persona,0.8261263370513916,52,0,639,478,1743563775.4577749
persona,0.4065260887145996,0,0,297,478,1743563775.45824
persona,0.6350032091140747,106,0,638,478,1743563775.8592553
persona,0.33832770586013794,0,95,636,479,1743563775.8596768
persona,0.5372551083564758,135,0,638,479,1743563776.255872
persona,0.3576890826225281,0,166,637,479,1743563776.2563124
persona,0.5431326031684875,15,85,638,479,1743563776.6416407
persona,0.4415590465068817,277,0,639,478,1743563777.0265708
persona,0.5300403833389282,209,184,637,479,1743563777.4062796
persona,0.44647690653800964,275,198,638,479,1743563777.7905748
bench,0.26187628507614136,163,275,356,437,1743563777.791051
bench,0.3587366044521332,162,275,356,437,1743563778.1776075
silla,0.3062613308429718,113,258,339,453,1743563778.568254
persona,0.28217318654060364,285,198,639,479,1743563778.5686564
persona,0.48936226963996887,301,200,639,479,1743563778.9478755
tv,0.2908926010131836,255,109,484,299,1743563778.9487867
silla,0.2726827561855316,113,259,338,465,1743563778.9493358
persona,0.32210496068000793,301,201,639,479,1743563779.3361447
silla,0.25929608941078186,112,259,332,473,1743563779.3364706
persona,0.34117522835731506,301,199,639,479,1743563780.0954707
persona,0.38847774267196655,300,199,639,479,1743563780.4791658
silla,0.29416975378990173,112,258,330,464,1743563780.4795122
persona,0.3485620319843292,298,205,639,479,1743563780.8797448
silla,0.25271424651145935,112,258,330,472,1743563780.8800817
tv,0.2927491068840027,255,105,484,310,1743563781.2643056
silla,0.25531113147735596,113,258,331,475,1743563781.2646983
persona,0.34412798285484314,294,199,639,479,1743563781.6612828
persona,0.510387122631073,293,199,639,479,1743563782.045595
silla,0.3031025826931,112,258,327,463,1743563782.0460472
silla,0.3727313280105591,113,259,326,455,1743563782.4341056
persona,0.4026021957397461,292,0,639,478,1743563782.8214731
silla,0.2973008155822754,111,258,199,434,1743563782.8220587
persona,0.5524519085884094,153,0,637,478,1743563783.203394
silla,0.5297823548316956,113,258,200,383,1743563783.2038236
persona,0.409951776266098,465,0,639,463,1743563783.204514
persona,0.39046332240104675,13,198,635,479,1743563783.2048848
persona,0.8075792193412781,40,0,638,479,1743563783.589295
silla,0.44181644916534424,111,258,171,331,1743563783.5898442
persona,0.909734308719635,15,1,639,479,1743563783.9800117
persona,0.4384610950946808,266,0,483,297,1743563784.3678818
teclado,0.41366350650787354,50,180,638,478,1743563784.368178
persona,0.5499420166015625,5,0,638,477,1743563784.7458978
persona,0.31562045216560364,256,0,637,478,1743563784.746309
persona,0.6576298475265503,4,58,633,479,1743563785.130315
persona,0.43727123737335205,195,60,638,478,1743563785.1308508
persona,0.2612540125846863,290,62,506,478,1743563785.131311
persona,0.8007367849349976,83,2,638,480,1743563785.5163653
persona,0.8657389879226685,116,0,639,479,1743563785.9054036
persona,0.8565222024917603,129,1,640,479,1743563786.3020072
silla,0.44148188829421997,91,371,159,459,1743563786.3024619
persona,0.8865376710891724,119,0,639,479,1743563786.7002232
persona,0.8974868059158325,114,5,638,480,1743563787.0931637
persona,0.889485776424408,111,4,639,479,1743563787.485028
persona,0.8570829033851624,114,1,639,479,1743563787.8904195
silla,0.29150494933128357,464,183,611,327,1743563787.8908753
persona,0.8578715920448303,91,8,640,479,1743563788.2905407
persona,0.8909514546394348,126,11,638,479,1743563788.6863782
remote,0.36452028155326843,569,192,605,267,1743563788.6868677
silla,0.3009781837463379,91,371,159,460,1743563788.6872697
silla,0.29531118273735046,42,372,161,479,1743563788.6875513
remote,0.2549056112766266,371,159,581,260,1743563788.6878152
persona,0.8955339789390564,121,8,639,479,1743563789.0872545
telefono celular,0.6105173230171204,360,174,603,265,1743563789.087679
silla,0.33967360854148865,89,371,158,459,1743563789.0881596
persona,0.9006561636924744,122,5,640,479,1743563789.5903256
silla,0.38572269678115845,91,371,158,459,1743563789.5907667
telefono celular,0.2666298449039459,366,170,608,264,1743563789.5911458
persona,0.9206953048706055,119,6,639,479,1743563789.9878569
silla,0.4156016409397125,93,371,158,458,1743563789.9885952
persona,0.8767988085746765,125,8,639,479,1743563790.3859315
silla,0.3312837779521942,91,371,158,459,1743563790.3863328
persona,0.8571775555610657,124,5,639,480,1743563790.7800527
silla,0.332404226064682,86,371,158,459,1743563790.7804513
persona,0.8574680089950562,124,1,639,479,1743563791.1783612
silla,0.32586270570755005,87,371,159,459,1743563791.1787775
persona,0.8678930401802063,121,5,638,479,1743563791.5689409
silla,0.34632134437561035,91,371,158,459,1743563791.5694003
silla,0.3065541684627533,45,371,159,478,1743563791.5698009
silla,0.25537410378456116,485,110,639,231,1743563791.5701933
persona,0.8564245104789734,112,0,639,479,1743563791.9500206
persona,0.8710022568702698,65,1,638,479,1743563792.3346152
persona,0.7219590544700623,51,1,634,476,1743563792.7130733
persona,0.8681393265724182,7,0,638,480,1743563793.1012013
persona,0.9152586460113525,0,2,639,479,1743563793.488007
persona,0.8468145132064819,24,0,638,480,1743563793.872087
persona,0.8745076656341553,62,2,639,480,1743563794.2577264
persona,0.25935599207878113,0,127,123,477,1743563794.2581334
persona,0.8923214673995972,130,0,639,479,1743563794.6522667
silla,0.40973949432373047,89,371,161,459,1743563794.6525667
persona,0.8769356608390808,101,0,639,479,1743563795.0364149
persona,0.879201352596283,97,0,639,479,1743563795.4250047
